user_id,signup_date,name,email
1,2023-01-13,James Morton,james.morton@lewis.org
2,2023-01-24,Phillip Washington,phillip.washington@marshall.com
3,2023-01-27,Phyllis Meyer,phyllis.meyer@clark.com
4,2023-02-03,Breanna Lewis,breanna.lewis@brown-smith.com
5,2023-02-11,Madison Beasley,madison.beasley@davidson-salas.com
6,2023-02-13,Karen Berry,karen.berry@banks.com
7,2023-02-23,Kimberly Vaughn,kimberly.vaughn@ellis.com
8,2023-03-01,Antonio Miller,antonio.miller@brown.com
9,2023-03-17,Douglas Dudley,douglas.dudley@barrett.com
10,2023-03-19,Mark Lopez,mark.lopez@rivera.com
11,2023-03-24,Brianna Greene,brianna.greene@knapp.com
12,2023-03-28,Jason Mccarty,jason.mccarty@young-gonzalez.com
13,2023-03-31,Lori Smith,lori.smith@hendricks-jensen.com
14,2023-04-01,Christina Esparza,christina.esparza@francis.biz
15,2023-05-09,Erin Wilcox,erin.wilcox@bell.com
16,2023-05-16,Deborah Gomez,deborah.gomez@edwards.com
17,2023-05-19,Emily Allen,emily.allen@dean.com
18,2023-06-26,Christopher Liu,christopher.liu@nelson.com
19,2023-06-26,Austin Jackson,austin.jackson@zamora-bell.info
20,2023-07-01,Jason Patel,jason.patel@marshall.com
21,2023-07-06,Melinda Green,melinda.green@curtis-white.biz
22,2023-07-07,Heather Wallace,heather.wallace@johnson.org
23,2023-07-21,Joseph Curtis,
24,2023-07-21,Erin Cortez,erin.cortez@hernandez.com
25,2023-08-01,Kyle Hill,kyle.hill@hanson-myers.info
26,2023-08-03,James Parker,james.parker@jones.com
27,2023-08-05,Tracy Hamilton,tracy.hamilton@dawson-melendez.net
28,2023-08-30,Jennifer Johnson,jennifer.johnson@campbell.info
29,2023-09-03,Bryan Morris,
30,2023-09-14,Cassie Moon,cassie.moon@walters-romero.net
31,2023-10-05,Jeffrey Douglas,
32,2023-10-15,Margaret Collins,
33,2023-10-18,William Knight,william.knight@rodriguez.org
34,2023-10-29,Zachary Schroeder,
35,2023-11-02,Christopher White,christopher.white@allen.info
36,2023-11-06,Renee Becker,renee.becker@wagner-vaughn.net
37,2023-11-14,Cassandra Vargas,cassandra.vargas@king.com
38,2023-11-16,Leonard Sanders,leonard.sanders@howell.org
39,2023-11-16,Jeffrey Dennis,jeffrey.dennis@orr.com
40,2023-11-16,Veronica Morales,veronica.morales@shannon.com
41,2023-11-30,Robert Davis,robert.davis@rivers.com
42,2023-12-08,Laura Gilbert,laura.gilbert@reese.com
43,2023-12-11,Jason Gregory,jason.gregory@wolfe.org
44,2023-12-20,Nicholas Nolan,nicholas.nolan@dean.biz
45,2023-12-29,James Thomas,
46,2023-12-30,Bethany Anderson,bethany.anderson@lee-parker.biz
47,2024-01-09,Rodney Ramirez,
48,2024-01-09,Derrick Floyd,derrick.floyd@fields.net
49,2024-01-12,Stephanie Johnson,stephanie.johnson@huber.biz
50,2024-01-12,Patricia Williams,patricia.williams@perez-hinton.com
51,2024-01-15,Joseph Lambert,
52,2024-01-28,Charles Carroll,
53,2024-01-29,Michele Adams,michele.adams@hart.com
54,2024-02-07,Joseph Perry,joseph.perry@smith.com
55,2024-02-07,Nathan Petty,nathan.petty@carpenter-cobb.com
56,2024-02-09,Ashley Ramos,ashley.ramos@johnson.info
57,2024-02-10,Karen Mills,karen.mills@watts.com
58,2024-02-13,Michael Ramirez,michael.ramirez@miller-newman.net
59,2024-02-21,Lisa Sweeney,lisa.sweeney@jordan.info
60,2024-02-24,Jason Smith,jason.smith@sanford-smith.com
61,2024-03-01,Janice Mcdonald,janice.mcdonald@callahan.com
62,2024-03-17,Patricia Mitchell,patricia.mitchell@holder-wilson.com
63,2024-03-18,Michael Harmon,michael.harmon@carter-ho.biz
64,2024-03-21,Shannon Mcdaniel,shannon.mcdaniel@flores.com
65,2024-03-22,Stephanie Adams,stephanie.adams@guzman.net
66,2024-03-27,John Huynh,john.huynh@brown-austin.com
67,2024-04-12,Dr. Wanda Clark,dr..wanda clark@lewis.com
68,2024-04-20,Alexander Schmidt,alexander.schmidt@cannon.com
69,2024-04-21,Roger Marks,roger.marks@jones-hernandez.info
70,2024-04-27,Christopher Flores,christopher.flores@barron.com
71,2024-05-04,Robert Richardson,robert.richardson@martin-welch.biz
72,2024-05-17,William Chen,william.chen@sullivan.com
73,2024-05-26,Lynn Johnson,lynn.johnson@richardson.com
74,2024-05-26,David Jones,david.jones@perez.com
75,2024-05-29,Sarah Lyons,sarah.lyons@miller.com
76,2024-06-14,Danielle Brown,danielle.brown@mayer.com
77,2024-06-26,Daniel Bates,daniel.bates@schultz.com
78,2024-07-09,Anita Hayes,anita.hayes@fields-wells.com
79,2024-07-10,Alexandra Robertson,alexandra.robertson@ryan.com
80,2024-07-11,Jennifer Harvey,jennifer.harvey@butler-braun.com
81,2024-07-12,Mary Hayes,mary.hayes@brown-love.com
82,2024-07-14,Elizabeth Savage,elizabeth.savage@young-hill.com
83,2024-08-01,Andrew Williams,andrew.williams@ramos-crawford.com
84,2024-08-05,Dawn White,dawn.white@knapp-santos.com
85,2024-08-21,Mrs. Gina Becker MD,mrs..gina becker md@nichols-carpenter.org
86,2024-09-01,Raymond Thompson,raymond.thompson@lang.biz
87,2024-09-07,Megan Miller,
88,2024-09-13,Laura Williamson,laura.williamson@dawson-bailey.biz
89,2024-09-14,Michael Lopez,michael.lopez@robinson-pearson.com
90,2024-09-25,David Brandt,david.brandt@hood-drake.com
91,2024-09-28,Lindsey Herrera MD,lindsey.herrera md@robinson.com
92,2024-09-29,Henry Williams,henry.williams@gibbs.org
93,2024-10-02,Shelly Gordon,shelly.gordon@johnson.com
94,2024-10-11,Charles Hendricks,charles.hendricks@wood.org
95,2024-11-10,Sonya Douglas,sonya.douglas@watson.com
96,2024-11-11,Lucas Brown,lucas.brown@chandler-nguyen.com
97,2024-11-19,Matthew Love,matthew.love@collins.com
98,2024-11-21,Tammy Rodgers,tammy.rodgers@carter.com
99,2024-12-30,Glenda Lewis,glenda.lewis@maldonado-park.info
100,2025-01-07,Mr. Robert Brown,mr..robert brown@sampson.com
